{"backends":["de","fr","us","es","it","gb","at","ru","au","ca"],"country_granular":"--","language_whitelist":["de,en","de","en","en,de","fr","fr,en","en,fr","nl","es","en,es","en,nl","de,fr","de,es","nl,en","de,ru","it","en,ru","en,it","en,zh","es,en"],"locale_whitelist":["de-DE","en-US","da-DK","de","en-GB","fr","fr-FR","en-DE","es-ES","ru-RU","nl-NL","en","de-CH","it-IT","de-AT","sv-SE","pl-PL","nb-NO","fi-FI","en-DK","hu-HU"],"location":"ru","location.city":"--","location.granular":"ru","logoVersion":"1580718466960","png_logoVersion":"1580718466960","svg_logoVersion":"1580718466960","ts":"20200221"}