[{"24h_volume_eur":"2892467518.208484","available_supply":"43734776327.000000","id":"xrp","last_updated":"1582268761","market_cap_eur":"11176154824.534542","max_supply":"100000000000.000000","name":"XRP","percent_change_1h":"0.279616","percent_change_24h":"-0.380292","percent_change_7d":"0.000000","price_eur":"0.255544","rank":"3","symbol":"XRP","total_supply":"99991083433.000000"},{"24h_volume_eur":"232010336.388943","available_supply":"701437720.934532","id":"tezos","last_updated":"1582268761","market_cap_eur":"2394431276.327010","max_supply":"0.000000","name":"Tezos","percent_change_1h":"-0.250015","percent_change_24h":"-1.513598","percent_change_7d":"0.000000","price_eur":"3.413605","rank":"10","symbol":"XTZ","total_supply":"701437720.934532"},{"24h_volume_eur":"8750373.990122","available_supply":"999498892.900000","id":"unus-sed-leo","last_updated":"1582268761","market_cap_eur":"903632683.589340","max_supply":"0.000000","name":"UNUS SED LEO","percent_change_1h":"0.078148","percent_change_24h":"2.197841","percent_change_7d":"0.000000","price_eur":"0.904086","rank":"20","symbol":"LEO","total_supply":"999498892.900000"},{"24h_volume_eur":"2047796557.588757","available_supply":"190688439.200000","id":"cosmos","last_updated":"1582268761","market_cap_eur":"816390678.388860","max_supply":"0.000000","name":"Cosmos","percent_change_1h":"0.692922","percent_change_24h":"8.414804","percent_change_7d":"0.000000","price_eur":"4.281280","rank":"21","symbol":"ATOM","total_supply":"237928230.821588"},{"24h_volume_eur":"16182849.172026","available_supply":"560000011.000000","id":"nexo","last_updated":"1582268761","market_cap_eur":"99106895.024320","max_supply":"0.000000","name":"Nexo","percent_change_1h":"0.016402","percent_change_24h":"0.236239","percent_change_7d":"0.000000","price_eur":"0.176977","rank":"58","symbol":"NEXO","total_supply":"1000000000.000000"},{"24h_volume_eur":"9206895.459043","available_supply":"85112697.530365","id":"molecular-future","last_updated":"1582268761","market_cap_eur":"85955783.687268","max_supply":"0.000000","name":"Molecular Future","percent_change_1h":"0.406902","percent_change_24h":"2.667063","percent_change_7d":"0.000000","price_eur":"1.009906","rank":"67","symbol":"MOF","total_supply":"100000000.000000"},{"24h_volume_eur":"13898.547271","available_supply":"184066828814.058990","id":"bytecoin-bcn","last_updated":"1582268761","market_cap_eur":"84806534.415587","max_supply":"184470000000.000000","name":"Bytecoin","percent_change_1h":"0.402210","percent_change_24h":"-0.283243","percent_change_7d":"0.000000","price_eur":"0.000461","rank":"69","symbol":"BCN","total_supply":"184066828814.058990"},{"24h_volume_eur":"323328.852367","available_supply":"842470068.676512","id":"centrality","last_updated":"1582268761","market_cap_eur":"76495282.271412","max_supply":"0.000000","name":"Centrality","percent_change_1h":"3.734025","percent_change_24h":"-0.764057","percent_change_7d":"0.000000","price_eur":"0.090799","rank":"76","symbol":"CENNZ","total_supply":"1200000000.000000"},{"24h_volume_eur":"1861773887.274960","available_supply":"116313299.000000","id":"ethereum-classic","last_updated":"1582268761","market_cap_eur":"996607100.288354","max_supply":"210000000.000000","name":"Ethereum Classic","percent_change_1h":"-0.321443","percent_change_24h":"3.622378","percent_change_7d":"0.000000","price_eur":"8.568299","rank":"17","symbol":"ETC","total_supply":"116313299.000000"},{"24h_volume_eur":"13180482.541959","available_supply":"2779530283.000000","id":"iota","last_updated":"1582268761","market_cap_eur":"697791891.841383","max_supply":"2779530283.000000","name":"IOTA","percent_change_1h":"-0.228641","percent_change_24h":"2.299971","percent_change_7d":"0.000000","price_eur":"0.251047","rank":"24","symbol":"MIOTA","total_supply":"2779530283.000000"},{"24h_volume_eur":"1194242.855357","available_supply":"166108749.813737","id":"synthetix-network-token","last_updated":"1582268761","market_cap_eur":"146965363.536495","max_supply":"0.000000","name":"Synthetix Network Token","percent_change_1h":"-0.231768","percent_change_24h":"4.726146","percent_change_7d":"0.000000","price_eur":"0.884754","rank":"44","symbol":"SNX","total_supply":"170973693.163574"},{"24h_volume_eur":"8656574.283896","available_supply":"3230779650.000000","id":"hedera-hashgraph","last_updated":"1582268761","market_cap_eur":"137049546.991869","max_supply":"0.000000","name":"Hedera Hashgraph","percent_change_1h":"1.709695","percent_change_24h":"-2.295508","percent_change_7d":"0.000000","price_eur":"0.042420","rank":"49","symbol":"HBAR","total_supply":"50000000000.000000"},{"24h_volume_eur":"858808848.588589","available_supply":"70538831.000000","id":"neo","last_updated":"1582268761","market_cap_eur":"918492434.740122","max_supply":"100000000.000000","name":"Neo","percent_change_1h":"-0.044078","percent_change_24h":"-0.773603","percent_change_7d":"0.000000","price_eur":"13.021090","rank":"18","symbol":"NEO","total_supply":"100000000.000000"},{"24h_volume_eur":"14451656.690371","available_supply":"13792694063.927000","id":"crypto-com-coin","last_updated":"1582268761","market_cap_eur":"745271067.228047","max_supply":"0.000000","name":"Crypto.com Coin","percent_change_1h":"0.190929","percent_change_24h":"-0.006065","percent_change_7d":"0.000000","price_eur":"0.054034","rank":"23","symbol":"CRO","total_supply":"100000000000.000000"},{"24h_volume_eur":"896829799.796690","available_supply":"420419751.296331","id":"usd-coin","last_updated":"1582268761","market_cap_eur":"394521401.113323","max_supply":"0.000000","name":"USD Coin","percent_change_1h":"0.305758","percent_change_24h":"0.062398","percent_change_7d":"0.000000","price_eur":"0.938399","rank":"29","symbol":"USDC","total_supply":"425351693.290000"},{"24h_volume_eur":"27897137.491894","available_supply":"626286727.362216","id":"0x","last_updated":"1582268761","market_cap_eur":"170166279.769803","max_supply":"0.000000","name":"0x","percent_change_1h":"0.111948","percent_change_24h":"4.771270","percent_change_7d":"0.000000","price_eur":"0.271707","rank":"41","symbol":"ZRX","total_supply":"1000000000.000000"},{"24h_volume_eur":"35914137.870098","available_supply":"463288810.000000","id":"zb-token","last_updated":"1582268761","market_cap_eur":"139869760.777219","max_supply":"0.000000","name":"ZB Token","percent_change_1h":"0.642889","percent_change_24h":"0.137407","percent_change_7d":"0.000000","price_eur":"0.301906","rank":"47","symbol":"ZB","total_supply":"2100000000.000000"},{"24h_volume_eur":"15402775.749006","available_supply":"65729674.871168","id":"monacoin","last_updated":"1582268761","market_cap_eur":"116940970.685104","max_supply":"0.000000","name":"MonaCoin","percent_change_1h":"0.354033","percent_change_24h":"-0.550990","percent_change_7d":"0.000000","price_eur":"1.779120","rank":"52","symbol":"MONA","total_supply":"65729674.871168"},{"24h_volume_eur":"117673128.702022","available_supply":"9918024025.046101","id":"zilliqa","last_updated":"1582268761","market_cap_eur":"68682563.324399","max_supply":"21000000000.000000","name":"Zilliqa","percent_change_1h":"-1.043556","percent_change_24h":"3.731528","percent_change_7d":"0.000000","price_eur":"0.006925","rank":"79","symbol":"ZIL","total_supply":"13209491178.046101"},{"24h_volume_eur":"32357655.744024","available_supply":"1050141509.426000","id":"decentraland","last_updated":"1582268761","market_cap_eur":"52759671.151573","max_supply":"0.000000","name":"Decentraland","percent_change_1h":"-0.534068","percent_change_24h":"-12.472022","percent_change_7d":"0.000000","price_eur":"0.050241","rank":"92","symbol":"MANA","total_supply":"2644403343.158300"},{"24h_volume_eur":"5427397.995814","available_supply":"122129260.968591","id":"lisk","last_updated":"1582268761","market_cap_eur":"180582465.041377","max_supply":"0.000000","name":"Lisk","percent_change_1h":"0.298447","percent_change_24h":"-2.374925","percent_change_7d":"0.000000","price_eur":"1.478618","rank":"40","symbol":"LSK","total_supply":"138214972.000000"},{"24h_volume_eur":"14012159.612419","available_supply":"61123111.358100","id":"swipe","last_updated":"1582268761","market_cap_eur":"64567250.646817","max_supply":"0.000000","name":"Swipe","percent_change_1h":"-4.550105","percent_change_24h":"-1.939156","percent_change_7d":"0.000000","price_eur":"1.056348","rank":"81","symbol":"SXP","total_supply":"299987200.358000"},{"24h_volume_eur":"55973341.460913","available_supply":"544480199.986466","id":"aelf","last_updated":"1582268761","market_cap_eur":"58178589.710735","max_supply":"1000000000.000000","name":"aelf","percent_change_1h":"-0.741458","percent_change_24h":"-2.216021","percent_change_7d":"0.000000","price_eur":"0.106852","rank":"85","symbol":"ELF","total_supply":"879999999.986466"},{"24h_volume_eur":"35049304.059934","available_supply":"3470483788.000000","id":"status","last_updated":"1582268761","market_cap_eur":"56674186.424947","max_supply":"0.000000","name":"Status","percent_change_1h":"-0.113275","percent_change_24h":"-3.761728","percent_change_7d":"0.000000","price_eur":"0.016330","rank":"87","symbol":"SNT","total_supply":"6804870174.000000"},{"24h_volume_eur":"825502.101983","available_supply":"80070793.238767","id":"rlc","last_updated":"1582268761","market_cap_eur":"46870700.587092","max_supply":"0.000000","name":"iExec RLC","percent_change_1h":"1.350056","percent_change_24h":"2.347155","percent_change_7d":"0.000000","price_eur":"0.585366","rank":"96","symbol":"RLC","total_supply":"86999784.986845"},{"24h_volume_eur":"6360376.158246","available_supply":"569460013.890990","id":"rif-token","last_updated":"1582268761","market_cap_eur":"46169369.725024","max_supply":"0.000000","name":"RIF Token","percent_change_1h":"-0.046955","percent_change_24h":"0.466161","percent_change_7d":"0.000000","price_eur":"0.081076","rank":"97","symbol":"RIF","total_supply":"1000000000.000000"},{"24h_volume_eur":"276717448.947962","available_supply":"233370544.971921","id":"huobi-token","last_updated":"1582268761","market_cap_eur":"1025431443.744105","max_supply":"0.000000","name":"Huobi Token","percent_change_1h":"-0.060263","percent_change_24h":"-1.167848","percent_change_7d":"0.000000","price_eur":"4.394005","rank":"16","symbol":"HT","total_supply":"500000000.000000"},{"24h_volume_eur":"311013951.264064","available_supply":"60000000.000000","id":"okb","last_updated":"1582268761","market_cap_eur":"374677822.660870","max_supply":"0.000000","name":"OKB","percent_change_1h":"-0.114794","percent_change_24h":"-1.982630","percent_change_7d":"0.000000","price_eur":"6.244630","rank":"30","symbol":"OKB","total_supply":"300000000.000000"},{"24h_volume_eur":"72071786.254429","available_supply":"1429847364.256300","id":"basic-attention-token","last_updated":"1582268761","market_cap_eur":"349927559.000705","max_supply":"0.000000","name":"Basic Attention Token","percent_change_1h":"0.935610","percent_change_24h":"3.535990","percent_change_7d":"0.000000","price_eur":"0.244731","rank":"31","symbol":"BAT","total_supply":"1500000000.000000"},{"24h_volume_eur":"4044496.613658","available_supply":"96593961.932772","id":"ftx-token","last_updated":"1582268761","market_cap_eur":"239038870.759616","max_supply":"0.000000","name":"FTX Token","percent_change_1h":"0.302424","percent_change_24h":"1.362307","percent_change_7d":"0.000000","price_eur":"2.474677","rank":"35","symbol":"FTT","total_supply":"347466298.000000"},{"24h_volume_eur":"57131426.308973","available_supply":"522831216.910947","id":"icon","last_updated":"1582268761","market_cap_eur":"196042134.613952","max_supply":"0.000000","name":"ICON","percent_change_1h":"0.833468","percent_change_24h":"9.189393","percent_change_7d":"0.000000","price_eur":"0.374963","rank":"39","symbol":"ICX","total_supply":"800460000.000000"},{"24h_volume_eur":"1612705.754290","available_supply":"8467425.000000","id":"horizen","last_updated":"1582268761","market_cap_eur":"91280972.888334","max_supply":"21000000.000000","name":"Horizen","percent_change_1h":"0.032381","percent_change_24h":"1.078332","percent_change_7d":"0.000000","price_eur":"10.780252","rank":"62","symbol":"ZEN","total_supply":"8467425.000000"},{"24h_volume_eur":"1629907.490753","available_supply":"16183828759.120600","id":"verge","last_updated":"1582268761","market_cap_eur":"67677711.033087","max_supply":"16555000000.000000","name":"Verge","percent_change_1h":"0.241918","percent_change_24h":"1.182631","percent_change_7d":"0.000000","price_eur":"0.004182","rank":"80","symbol":"XVG","total_supply":"16183828759.120600"},{"24h_volume_eur":"1569137.258186","available_supply":"1299999941.703170","id":"aave","last_updated":"1582268761","market_cap_eur":"42969226.306653","max_supply":"0.000000","name":"Aave","percent_change_1h":"-0.322799","percent_change_24h":"8.694209","percent_change_7d":"0.000000","price_eur":"0.033053","rank":"100","symbol":"LEND","total_supply":"1299999941.703170"},{"24h_volume_eur":"49993803757.913979","available_supply":"4642367414.000000","id":"tether","last_updated":"1582268761","market_cap_eur":"4317655574.655912","max_supply":"0.000000","name":"Tether","percent_change_1h":"0.433271","percent_change_24h":"0.176446","percent_change_7d":"0.000000","price_eur":"0.930055","rank":"6","symbol":"USDT","total_supply":"4776930644.000000"},{"24h_volume_eur":"3587607.979489","available_supply":"41817047634.000000","id":"siacoin","last_updated":"1582268761","market_cap_eur":"116093796.873638","max_supply":"0.000000","name":"Siacoin","percent_change_1h":"-0.170469","percent_change_24h":"-5.848433","percent_change_7d":"0.000000","price_eur":"0.002776","rank":"54","symbol":"SC","total_supply":"41817047634.000000"},{"24h_volume_eur":"11347433.310324","available_supply":"162552831022.648010","id":"holo","last_updated":"1582268761","market_cap_eur":"110887131.714055","max_supply":"0.000000","name":"Holo","percent_change_1h":"-0.247192","percent_change_24h":"0.522230","percent_change_7d":"0.000000","price_eur":"0.000682","rank":"55","symbol":"HOT","total_supply":"177619433541.140991"},{"24h_volume_eur":"16040510.654696","available_supply":"805845257.564264","id":"enjin-coin","last_updated":"1582268761","market_cap_eur":"98779740.956833","max_supply":"0.000000","name":"Enjin Coin","percent_change_1h":"-0.194548","percent_change_24h":"-1.337543","percent_change_7d":"0.000000","price_eur":"0.122579","rank":"59","symbol":"ENJ","total_supply":"1000000000.000000"},{"24h_volume_eur":"48868838.645139","available_supply":"12013965608.847500","id":"iostoken","last_updated":"1582268761","market_cap_eur":"70785133.066002","max_supply":"0.000000","name":"IOST","percent_change_1h":"-0.125827","percent_change_24h":"2.887463","percent_change_7d":"0.000000","price_eur":"0.005892","rank":"78","symbol":"IOST","total_supply":"21000000000.000000"},{"24h_volume_eur":"23760908.227417","available_supply":"699587206.289478","id":"seele","last_updated":"1582268761","market_cap_eur":"55766474.357421","max_supply":"0.000000","name":"Seele","percent_change_1h":"0.170396","percent_change_24h":"-0.705990","percent_change_7d":"0.000000","price_eur":"0.079713","rank":"88","symbol":"SEELE","total_supply":"1000000000.000000"},{"24h_volume_eur":"2714353.459455","available_supply":"234308006046.747986","id":"pundi-x","last_updated":"1582268761","market_cap_eur":"44495232.340616","max_supply":"0.000000","name":"Pundi X","percent_change_1h":"-0.263832","percent_change_24h":"-2.042225","percent_change_7d":"0.000000","price_eur":"0.000190","rank":"99","symbol":"NPXS","total_supply":"258599580301.299988"},{"24h_volume_eur":"6527717951.346679","available_supply":"18290362.500000","id":"bitcoin-cash","last_updated":"1582268761","market_cap_eur":"6380547773.830005","max_supply":"21000000.000000","name":"Bitcoin Cash","percent_change_1h":"-0.235988","percent_change_24h":"-1.260216","percent_change_7d":"0.000000","price_eur":"348.847530","rank":"4","symbol":"BCH","total_supply":"18290362.500000"},{"24h_volume_eur":"2509309288.006927","available_supply":"18287502.081923","id":"bitcoin-sv","last_updated":"1582268761","market_cap_eur":"4927293413.638937","max_supply":"21000000.000000","name":"Bitcoin SV","percent_change_1h":"-0.143272","percent_change_24h":"-3.011322","percent_change_7d":"0.000000","price_eur":"269.435016","rank":"5","symbol":"BSV","total_supply":"18287502.081923"},{"24h_volume_eur":"4412700618.763389","available_supply":"953942950.163700","id":"eos","last_updated":"1582268761","market_cap_eur":"3613627131.313198","max_supply":"0.000000","name":"EOS","percent_change_1h":"-0.247340","percent_change_24h":"1.168540","percent_change_7d":"0.000000","price_eur":"3.788096","rank":"8","symbol":"EOS","total_supply":"1050642961.961500"},{"24h_volume_eur":"327439458.319838","available_supply":"155536713.000000","id":"binance-coin","last_updated":"1582268761","market_cap_eur":"3206473451.450563","max_supply":"187536713.000000","name":"Binance Coin","percent_change_1h":"-0.350953","percent_change_24h":"0.306812","percent_change_7d":"0.000000","price_eur":"20.615541","rank":"9","symbol":"BNB","total_supply":"187536713.000000"},{"24h_volume_eur":"352041928.592190","available_supply":"350000000.000000","id":"chainlink","last_updated":"1582268761","market_cap_eur":"1391101770.240719","max_supply":"0.000000","name":"Chainlink","percent_change_1h":"-0.603671","percent_change_24h":"-1.957178","percent_change_7d":"0.000000","price_eur":"3.974576","rank":"12","symbol":"LINK","total_supply":"1000000000.000000"},{"24h_volume_eur":"1188458.125166","available_supply":"288208798.113530","id":"hedgetrade","last_updated":"1582268761","market_cap_eur":"763124477.006945","max_supply":"0.000000","name":"HedgeTrade","percent_change_1h":"-0.493353","percent_change_24h":"1.119506","percent_change_7d":"0.000000","price_eur":"2.647818","rank":"22","symbol":"HEDG","total_supply":"1000000000.050000"},{"24h_volume_eur":"165545963.742962","available_supply":"55454734800.000000","id":"vechain","last_updated":"1582268761","market_cap_eur":"342257599.158335","max_supply":"0.000000","name":"VeChain","percent_change_1h":"0.426428","percent_change_24h":"2.331473","percent_change_7d":"0.000000","price_eur":"0.006172","rank":"32","symbol":"VET","total_supply":"86712634466.000000"},{"24h_volume_eur":"17721683.517079","available_supply":"5558840000.000000","id":"ravencoin","last_updated":"1582268761","market_cap_eur":"160123271.447977","max_supply":"21000000000.000000","name":"Ravencoin","percent_change_1h":"-0.497047","percent_change_24h":"-0.079815","percent_change_7d":"0.000000","price_eur":"0.028805","rank":"43","symbol":"RVN","total_supply":"5558840000.000000"},{"24h_volume_eur":"25382599.112711","available_supply":"173730917.711645","id":"kyber-network","last_updated":"1582268761","market_cap_eur":"85733493.533245","max_supply":"0.000000","name":"Kyber Network","percent_change_1h":"-1.825752","percent_change_24h":"-0.621960","percent_change_7d":"0.000000","price_eur":"0.493484","rank":"68","symbol":"KNC","total_supply":"211572466.530509"},{"24h_volume_eur":"3520381.657108","available_supply":"287765804.430561","id":"terra-luna","last_updated":"1582268761","market_cap_eur":"64315138.350335","max_supply":"0.000000","name":"Terra","percent_change_1h":"1.186381","percent_change_24h":"8.822870","percent_change_7d":"0.000000","price_eur":"0.223498","rank":"82","symbol":"LUNA","total_supply":"995859074.224591"},{"24h_volume_eur":"171462050.465874","available_supply":"123406235443.093002","id":"dogecoin","last_updated":"1582268761","market_cap_eur":"306481504.142362","max_supply":"0.000000","name":"Dogecoin","percent_change_1h":"0.680028","percent_change_24h":"1.813767","percent_change_7d":"0.000000","price_eur":"0.002484","rank":"33","symbol":"DOGE","total_supply":"123406235443.093002"},{"24h_volume_eur":"1052663.294995","available_supply":"2000000.000000","id":"digixdao","last_updated":"1582268761","market_cap_eur":"87309423.254884","max_supply":"0.000000","name":"DigixDAO","percent_change_1h":"0.306406","percent_change_24h":"0.802334","percent_change_7d":"0.000000","price_eur":"43.654712","rank":"66","symbol":"DGD","total_supply":"2000000.000000"},{"24h_volume_eur":"42585233.157561","available_supply":"44518286.097052","id":"hypercash","last_updated":"1582268761","market_cap_eur":"79075902.790904","max_supply":"84000000.000000","name":"HyperCash","percent_change_1h":"0.176483","percent_change_24h":"2.506839","percent_change_7d":"0.000000","price_eur":"1.776257","rank":"75","symbol":"HC","total_supply":"44518286.097052"},{"24h_volume_eur":"5658628.079237","available_supply":"980050000.000000","id":"golem-network-tokens","last_updated":"1582268761","market_cap_eur":"60674429.235672","max_supply":"0.000000","name":"Golem","percent_change_1h":"2.740390","percent_change_24h":"-1.287218","percent_change_7d":"0.000000","price_eur":"0.061910","rank":"84","symbol":"GNT","total_supply":"1000000000.000000"},{"24h_volume_eur":"30458634.166648","available_supply":"2558503686.000000","id":"matic-network","last_updated":"1582268761","market_cap_eur":"50857927.921098","max_supply":"0.000000","name":"Matic Network","percent_change_1h":"2.066784","percent_change_24h":"7.794909","percent_change_7d":"0.000000","price_eur":"0.019878","rank":"93","symbol":"MATIC","total_supply":"10000000000.000000"},{"24h_volume_eur":"40102146907.813156","available_supply":"18228987.000000","id":"bitcoin","last_updated":"1582268761","market_cap_eur":"163535476452.958649","max_supply":"21000000.000000","name":"Bitcoin","percent_change_1h":"0.201108","percent_change_24h":"0.803776","percent_change_7d":"0.000000","price_eur":"8971.177414","rank":"1","symbol":"BTC","total_supply":"18228987.000000"},{"24h_volume_eur":"23611384.712892","available_supply":"10786830.878228","id":"decred","last_updated":"1582268761","market_cap_eur":"205442407.181298","max_supply":"21000000.000000","name":"Decred","percent_change_1h":"0.200616","percent_change_24h":"6.036323","percent_change_7d":"0.000000","price_eur":"19.045669","rank":"37","symbol":"DCR","total_supply":"10786830.878228"},{"24h_volume_eur":"17987047.963833","available_supply":"120112849.051000","id":"multi-collateral-dai","last_updated":"1582268761","market_cap_eur":"110632003.136197","max_supply":"0.000000","name":"Multi-collateral DAI","percent_change_1h":"0.054587","percent_change_24h":"0.071379","percent_change_7d":"0.000000","price_eur":"0.921067","rank":"56","symbol":"DAI","total_supply":"120404611.243145"},{"24h_volume_eur":"79313331.268896","available_supply":"212116500000.000000","id":"bittorrent","last_updated":"1582268761","market_cap_eur":"95443304.978844","max_supply":"0.000000","name":"BitTorrent","percent_change_1h":"-0.291876","percent_change_24h":"-2.007192","percent_change_7d":"0.000000","price_eur":"0.000450","rank":"60","symbol":"BTT","total_supply":"990000000000.000000"},{"24h_volume_eur":"465184566.110978","available_supply":"20187010825.487000","id":"stellar","last_updated":"1582268761","market_cap_eur":"1366516992.316342","max_supply":"0.000000","name":"Stellar","percent_change_1h":"1.478551","percent_change_24h":"3.014384","percent_change_7d":"0.000000","price_eur":"0.067693","rank":"13","symbol":"XLM","total_supply":"50001803905.971703"},{"24h_volume_eur":"108223486.725402","available_supply":"101197234.000000","id":"waves","last_updated":"1582268761","market_cap_eur":"137726602.671548","max_supply":"0.000000","name":"Waves","percent_change_1h":"-0.535793","percent_change_24h":"1.984632","percent_change_7d":"0.000000","price_eur":"1.360972","rank":"48","symbol":"WAVES","total_supply":"101197234.000000"},{"24h_volume_eur":"39681831.189533","available_supply":"555416914.350722","id":"abbc-coin","last_updated":"1582268761","market_cap_eur":"62924790.417576","max_supply":"0.000000","name":"ABBC Coin","percent_change_1h":"1.131425","percent_change_24h":"-9.578885","percent_change_7d":"0.000000","price_eur":"0.113293","rank":"83","symbol":"ABBC","total_supply":"1003278740.010900"},{"24h_volume_eur":"33608188.095200","available_supply":"8999999999.000000","id":"nem","last_updated":"1582268761","market_cap_eur":"514987378.175245","max_supply":"0.000000","name":"NEM","percent_change_1h":"1.659891","percent_change_24h":"5.684621","percent_change_7d":"0.000000","price_eur":"0.057221","rank":"27","symbol":"XEM","total_supply":"8999999999.000000"},{"24h_volume_eur":"2374049.991603","available_supply":"49999999999.686203","id":"dxchain-token","last_updated":"1582268761","market_cap_eur":"80869422.781795","max_supply":"0.000000","name":"DxChain Token","percent_change_1h":"1.675186","percent_change_24h":"9.115796","percent_change_7d":"0.000000","price_eur":"0.001617","rank":"72","symbol":"DX","total_supply":"100000000000.000000"},{"24h_volume_eur":"28862003.505499","available_supply":"15793831.094963","id":"crypto-com","last_updated":"1582268761","market_cap_eur":"80174422.574289","max_supply":"0.000000","name":"MCO","percent_change_1h":"-0.466664","percent_change_24h":"1.798786","percent_change_7d":"0.000000","price_eur":"5.076313","rank":"73","symbol":"MCO","total_supply":"31587682.363206"},{"24h_volume_eur":"13744913.727759","available_supply":"301938628.500000","id":"aeternity","last_updated":"1582268761","market_cap_eur":"55382636.977458","max_supply":"0.000000","name":"Aeternity","percent_change_1h":"-0.283436","percent_change_24h":"-0.162258","percent_change_7d":"0.000000","price_eur":"0.183423","rank":"89","symbol":"AE","total_supply":"347759572.499320"},{"24h_volume_eur":"1963357.279292","available_supply":"998999495.000000","id":"ardor","last_updated":"1582268761","market_cap_eur":"54947914.349979","max_supply":"998999495.000000","name":"Ardor","percent_change_1h":"0.130829","percent_change_24h":"-0.900485","percent_change_7d":"0.000000","price_eur":"0.055003","rank":"90","symbol":"ARDR","total_supply":"998999495.000000"},{"24h_volume_eur":"1219658.235179","available_supply":"1041930263.519560","id":"wax","last_updated":"1582268761","market_cap_eur":"45379780.550573","max_supply":"0.000000","name":"WAX","percent_change_1h":"-0.628145","percent_change_24h":"1.635782","percent_change_7d":"0.000000","price_eur":"0.043554","rank":"98","symbol":"WAXP","total_supply":"3614496539.719100"},{"24h_volume_eur":"21223201589.718807","available_supply":"109788544.186500","id":"ethereum","last_updated":"1582268761","market_cap_eur":"26525842778.004841","max_supply":"0.000000","name":"Ethereum","percent_change_1h":"-0.059759","percent_change_24h":"-0.008379","percent_change_7d":"0.000000","price_eur":"241.608475","rank":"2","symbol":"ETH","total_supply":"109788544.186500"},{"24h_volume_eur":"7615441.459817","available_supply":"987417.741410","id":"maker","last_updated":"1582268761","market_cap_eur":"593667294.518875","max_supply":"0.000000","name":"Maker","percent_change_1h":"0.822560","percent_change_24h":"0.195444","percent_change_7d":"0.000000","price_eur":"601.232153","rank":"25","symbol":"MKR","total_supply":"987417.741410"},{"24h_volume_eur":"150767924.738060","available_supply":"637351170.000000","id":"ontology","last_updated":"1582268761","market_cap_eur":"495436356.041842","max_supply":"0.000000","name":"Ontology","percent_change_1h":"-0.059034","percent_change_24h":"-0.379735","percent_change_7d":"0.000000","price_eur":"0.777337","rank":"28","symbol":"ONT","total_supply":"1000000000.000000"},{"24h_volume_eur":"6316228.176648","available_supply":"2749290000.000000","id":"bitshares","last_updated":"1582268761","market_cap_eur":"81238546.936979","max_supply":"3600570502.000000","name":"BitShares","percent_change_1h":"-0.157346","percent_change_24h":"3.145686","percent_change_7d":"0.000000","price_eur":"0.029549","rank":"71","symbol":"BTS","total_supply":"2749290000.000000"},{"24h_volume_eur":"1726753.643643","available_supply":"355581198.378000","id":"steem","last_updated":"1582268761","market_cap_eur":"72697208.530070","max_supply":"0.000000","name":"Steem","percent_change_1h":"0.807040","percent_change_24h":"1.020377","percent_change_7d":"0.000000","price_eur":"0.204446","rank":"77","symbol":"STEEM","total_supply":"372555292.378000"},{"24h_volume_eur":"14674683.438023","available_supply":"9514268.329778","id":"zcoin","last_updated":"1582268761","market_cap_eur":"54128694.180372","max_supply":"21400000.000000","name":"Zcoin","percent_change_1h":"0.123596","percent_change_24h":"-1.231113","percent_change_7d":"0.000000","price_eur":"5.689212","rank":"91","symbol":"XZC","total_supply":"21400000.000000"},{"24h_volume_eur":"871870841.612300","available_supply":"9337213.846293","id":"dash","last_updated":"1582268761","market_cap_eur":"914718325.165636","max_supply":"18900000.000000","name":"Dash","percent_change_1h":"0.171386","percent_change_24h":"-0.201456","percent_change_7d":"0.000000","price_eur":"97.964804","rank":"19","symbol":"DASH","total_supply":"9337213.846293"},{"24h_volume_eur":"35860693.811711","available_supply":"11000000.000000","id":"augur","last_updated":"1582268761","market_cap_eur":"142115770.581831","max_supply":"0.000000","name":"Augur","percent_change_1h":"0.945068","percent_change_24h":"-0.590509","percent_change_7d":"0.000000","price_eur":"12.919616","rank":"45","symbol":"REP","total_supply":"11000000.000000"},{"24h_volume_eur":"875454749.140768","available_supply":"140207965.780000","id":"trueusd","last_updated":"1582268761","market_cap_eur":"130086788.024947","max_supply":"0.000000","name":"TrueUSD","percent_change_1h":"0.377663","percent_change_24h":"-0.101667","percent_change_7d":"0.000000","price_eur":"0.927813","rank":"51","symbol":"TUSD","total_supply":"140207965.780000"},{"24h_volume_eur":"6396311.116946","available_supply":"13416999616.865900","id":"nervos-network","last_updated":"1582268761","market_cap_eur":"88611036.003959","max_supply":"0.000000","name":"Nervos Network","percent_change_1h":"0.859896","percent_change_24h":"3.129784","percent_change_7d":"0.000000","price_eur":"0.006604","rank":"64","symbol":"CKB","total_supply":"26636903314.859402"},{"24h_volume_eur":"5206514508.753407","available_supply":"64128771.574784","id":"litecoin","last_updated":"1582268761","market_cap_eur":"4255998476.825708","max_supply":"84000000.000000","name":"Litecoin","percent_change_1h":"-0.265158","percent_change_24h":"1.184341","percent_change_7d":"0.000000","price_eur":"66.366443","rank":"7","symbol":"LTC","total_supply":"64128771.574784"},{"24h_volume_eur":"416198596.204028","available_supply":"9067918.750000","id":"zcash","last_updated":"1582268761","market_cap_eur":"516463439.515031","max_supply":"21000000.000000","name":"Zcash","percent_change_1h":"-0.220298","percent_change_24h":"-0.889831","percent_change_7d":"0.000000","price_eur":"56.955014","rank":"26","symbol":"ZEC","total_supply":"9067918.750000"},{"24h_volume_eur":"9733864.126396","available_supply":"186492897.953000","id":"bitcoin-diamond","last_updated":"1582268761","market_cap_eur":"131004589.731246","max_supply":"210000000.000000","name":"Bitcoin Diamond","percent_change_1h":"0.986087","percent_change_24h":"-2.082769","percent_change_7d":"0.000000","price_eur":"0.702464","rank":"50","symbol":"BCD","total_supply":"189492897.953000"},{"24h_volume_eur":"3736467.203640","available_supply":"1927925644.000000","id":"v-systems","last_updated":"1582268761","market_cap_eur":"90059414.983575","max_supply":"0.000000","name":"v.systems","percent_change_1h":"-0.631071","percent_change_24h":"-0.830865","percent_change_7d":"0.000000","price_eur":"0.046713","rank":"63","symbol":"VSYS","total_supply":"3842784108.000000"},{"24h_volume_eur":"4413828.812309","available_supply":"850903651.320919","id":"ren","last_updated":"1582268761","market_cap_eur":"50176303.971362","max_supply":"0.000000","name":"Ren","percent_change_1h":"1.015159","percent_change_24h":"11.687325","percent_change_7d":"0.000000","price_eur":"0.058968","rank":"94","symbol":"REN","total_supply":"1000000000.000000"},{"24h_volume_eur":"138454205.171161","available_supply":"17452498.912709","id":"monero","last_updated":"1582268761","market_cap_eur":"1254165015.233041","max_supply":"0.000000","name":"Monero","percent_change_1h":"-0.468664","percent_change_24h":"-0.548151","percent_change_7d":"0.000000","price_eur":"71.861630","rank":"14","symbol":"XMR","total_supply":"17452498.912709"},{"24h_volume_eur":"208289570.999971","available_supply":"570393236.950068","id":"algorand","last_updated":"1582268761","market_cap_eur":"244914157.235662","max_supply":"0.000000","name":"Algorand","percent_change_1h":"2.526001","percent_change_24h":"25.648966","percent_change_7d":"0.000000","price_eur":"0.429378","rank":"34","symbol":"ALGO","total_supply":"3101665079.950070"},{"24h_volume_eur":"25811901.673899","available_supply":"17513923.589000","id":"bitcoin-gold","last_updated":"1582268761","market_cap_eur":"169604815.582646","max_supply":"21000000.000000","name":"Bitcoin Gold","percent_change_1h":"1.071169","percent_change_24h":"1.987853","percent_change_7d":"0.000000","price_eur":"9.683999","rank":"42","symbol":"BTG","total_supply":"17513923.589000"},{"24h_volume_eur":"7756418.096762","available_supply":"81850451.000000","id":"kucoin-shares","last_updated":"1582268761","market_cap_eur":"94868281.680879","max_supply":"0.000000","name":"KuCoin Shares","percent_change_1h":"0.233461","percent_change_24h":"-0.449612","percent_change_7d":"0.000000","price_eur":"1.159044","rank":"61","symbol":"KCS","total_supply":"171850451.000000"},{"24h_volume_eur":"1289237.642249","available_supply":"12845311204.405100","id":"digibyte","last_updated":"1582268761","market_cap_eur":"81572479.065221","max_supply":"21000000000.000000","name":"DigiByte","percent_change_1h":"0.222806","percent_change_24h":"-0.809830","percent_change_7d":"0.000000","price_eur":"0.006350","rank":"70","symbol":"DGB","total_supply":"12845311204.405100"},{"24h_volume_eur":"3226474.205827","available_supply":"118461251.016330","id":"komodo","last_updated":"1582268761","market_cap_eur":"79401058.481692","max_supply":"200000000.000000","name":"Komodo","percent_change_1h":"-0.138914","percent_change_24h":"1.319953","percent_change_7d":"0.000000","price_eur":"0.670270","rank":"74","symbol":"KMD","total_supply":"118461251.016330"},{"24h_volume_eur":"7288864.540869","available_supply":"4567133626.000000","id":"chiliz","last_updated":"1582268761","market_cap_eur":"57269284.579774","max_supply":"0.000000","name":"Chiliz","percent_change_1h":"0.406943","percent_change_24h":"1.902555","percent_change_7d":"0.000000","price_eur":"0.012539","rank":"86","symbol":"CHZ","total_supply":"8888888888.000000"},{"24h_volume_eur":"187706425.835032","available_supply":"25927070538.000000","id":"cardano","last_updated":"1582268761","market_cap_eur":"1419055691.063618","max_supply":"45000000000.000000","name":"Cardano","percent_change_1h":"0.070808","percent_change_24h":"2.418741","percent_change_7d":"0.000000","price_eur":"0.054733","rank":"11","symbol":"ADA","total_supply":"31112483745.000000"},{"24h_volume_eur":"1740585274.093536","available_supply":"66682072191.400002","id":"tron","last_updated":"1582268761","market_cap_eur":"1242668876.428925","max_supply":"0.000000","name":"TRON","percent_change_1h":"0.415144","percent_change_24h":"-0.693903","percent_change_7d":"0.000000","price_eur":"0.018636","rank":"15","symbol":"TRX","total_supply":"99281283754.300003"},{"24h_volume_eur":"407737622.025046","available_supply":"96399452.048460","id":"qtum","last_updated":"1582268761","market_cap_eur":"215849052.021416","max_supply":"107822406.000000","name":"Qtum","percent_change_1h":"0.039180","percent_change_24h":"-0.692830","percent_change_7d":"0.000000","price_eur":"2.239111","rank":"36","symbol":"QTUM","total_supply":"102149472.000000"},{"24h_volume_eur":"356471798.001574","available_supply":"218349006.045609","id":"paxos-standard","last_updated":"1582268761","market_cap_eur":"202994726.104513","max_supply":"0.000000","name":"Paxos Standard","percent_change_1h":"0.481985","percent_change_24h":"0.023185","percent_change_7d":"0.000000","price_eur":"0.929680","rank":"38","symbol":"PAX","total_supply":"218349106.380000"},{"24h_volume_eur":"113972491.128605","available_supply":"140245398.245133","id":"omisego","last_updated":"1582268761","market_cap_eur":"142060237.297772","max_supply":"0.000000","name":"OmiseGO","percent_change_1h":"0.121862","percent_change_24h":"-1.468774","percent_change_7d":"0.000000","price_eur":"1.012940","rank":"46","symbol":"OMG","total_supply":"140245398.245133"},{"24h_volume_eur":"4022101.560035","available_supply":"133248297.197000","id":"nano","last_updated":"1582268761","market_cap_eur":"116404363.982350","max_supply":"133248297.197000","name":"Nano","percent_change_1h":"-0.297348","percent_change_24h":"0.458478","percent_change_7d":"0.000000","price_eur":"0.873590","rank":"53","symbol":"NANO","total_supply":"133248297.197000"},{"24h_volume_eur":"9048887.209090","available_supply":"870502690.000000","id":"theta","last_updated":"1582268761","market_cap_eur":"108202129.438928","max_supply":"0.000000","name":"THETA","percent_change_1h":"0.517245","percent_change_24h":"-0.533016","percent_change_7d":"0.000000","price_eur":"0.124298","rank":"57","symbol":"THETA","total_supply":"1000000000.000000"},{"24h_volume_eur":"17186683.665022","available_supply":"1002499275.000000","id":"bytom","last_updated":"1582268761","market_cap_eur":"87644010.292604","max_supply":"0.000000","name":"Bytom","percent_change_1h":"0.206611","percent_change_24h":"-1.632189","percent_change_7d":"0.000000","price_eur":"0.087426","rank":"65","symbol":"BTM","total_supply":"1407000000.000000"},{"24h_volume_eur":"12521606.171396","available_supply":"391140663.000000","id":"aion","last_updated":"1582268761","market_cap_eur":"48729586.979228","max_supply":"0.000000","name":"Aion","percent_change_1h":"0.953500","percent_change_24h":"15.244040","percent_change_7d":"0.000000","price_eur":"0.124583","rank":"95","symbol":"AION","total_supply":"391140663.000000"}]