<SOAP-ENV:Envelope xmlns:SOAP-ENV="http://schemas.xmlsoap.org/soap/envelope/"><SOAP-ENV:Header/><SOAP-ENV:Body><ns2:AccountLoginResponse xmlns:ns2="com.advantage.online.store.accountservice"><ns2:StatusMessage><ns2:success>true</ns2:success><ns2:userId>386165654</ns2:userId><ns2:reason>Login Successful</ns2:reason><ns2:token>eyJ0eXAiOiJKV1QiLCJhbGciOiJIUzI1NiJ9.eyJpc3MiOiJ3d3cuYWR2YW50YWdlb25saW5lc2hvcHBpbmcuY29tIiwidXNlcklkIjozODYxNjU2NTQsInN1YiI6InN0MW5reWMwZGUiLCJyb2xlIjoiQURNSU4ifQ.7HbvSgR0SD_clAqvkqI0aP05V2h0-JeLLz5us2axDgo</ns2:token><ns2:sessionId>17066970c9c@7E42157C14^i%386165654</ns2:sessionId><ns2:t_authorization>c3Qxbmt5YzBkZTpoYUgxTGs4</ns2:t_authorization><ns2:accountType>10</ns2:accountType></ns2:StatusMessage></ns2:AccountLoginResponse></SOAP-ENV:Body></SOAP-ENV:Envelope>