<SOAP-ENV:Envelope xmlns:SOAP-ENV="http://schemas.xmlsoap.org/soap/envelope/"><SOAP-ENV:Header/><SOAP-ENV:Body><ns2:GetAccountByIdNewResponse xmlns:ns2="com.advantage.online.store.accountservice"><ns2:AccountResponse><ns2:id>386165654</ns2:id><ns2:lastName>Zaicev</ns2:lastName><ns2:firstName>Denis</ns2:firstName><ns2:loginName>st1nkyc0de</ns2:loginName><ns2:accountType>10</ns2:accountType><ns2:countryId>236</ns2:countryId><ns2:countryName>Russia</ns2:countryName><ns2:countryIsoName>ru</ns2:countryIsoName><ns2:stateProvince>Tataria</ns2:stateProvince><ns2:cityName>Kazan</ns2:cityName><ns2:homeAddress>Svobody 173</ns2:homeAddress><ns2:zipcode>426000</ns2:zipcode><ns2:mobilePhone>8-800-555-4221</ns2:mobilePhone><ns2:email>st1nkyc0de@yandex.ru</ns2:email><ns2:defaultPaymentMethodId>0</ns2:defaultPaymentMethodId><ns2:allowOffersPromotion>true</ns2:allowOffersPromotion><ns2:internalUnsuccessfulLoginAttempts>0</ns2:internalUnsuccessfulLoginAttempts><ns2:internalUserBlockedFromLoginUntil>0</ns2:internalUserBlockedFromLoginUntil><ns2:internalLastSuccesssulLogin>0</ns2:internalLastSuccesssulLogin></ns2:AccountResponse></ns2:GetAccountByIdNewResponse></SOAP-ENV:Body></SOAP-ENV:Envelope>