<autoupdate schema-version="2.1"><system><metrics><uid /><lut /><metricsfailurenotificationurl>https://autoupdate.geo.opera.com/api/failedmetrics/?uuid=&amp;lut=&amp;</metricsfailurenotificationurl></metrics></system><extraapplications><files><file><name>assistant</name><version>66.0.3515.105</version><download><primary checksum="a55ae2610405014f5154992f6a3fd2cde8aad54435ad4420124a0eb8baa76949" filename="Assistant_66.0.3515.105_Setup.exe" size="1221512" type="full">https://download1.operacdn.com/ftp/pub/opera/../.assistant/66.0.3515.105/Assistant_66.0.3515.105_Setup.exe</primary></download></file></files></extraapplications></autoupdate>