[
{ 
"r030":36,"txt":"Австралійський долар","rate":16.2055,"cc":"AUD","exchangedate":"21.02.2020"
 }
,{ 
"r030":124,"txt":"Канадський долар","rate":18.4605,"cc":"CAD","exchangedate":"21.02.2020"
 }
,{ 
"r030":156,"txt":"Юань Женьмiньбi","rate":3.4847,"cc":"CNY","exchangedate":"21.02.2020"
 }
,{ 
"r030":191,"txt":"Куна","rate":3.5475,"cc":"HRK","exchangedate":"21.02.2020"
 }
,{ 
"r030":203,"txt":"Чеська крона","rate":1.0556,"cc":"CZK","exchangedate":"21.02.2020"
 }
,{ 
"r030":208,"txt":"Данська крона","rate":3.5383,"cc":"DKK","exchangedate":"21.02.2020"
 }
,{ 
"r030":344,"txt":"Гонконгівський долар","rate":3.1455,"cc":"HKD","exchangedate":"21.02.2020"
 }
,{ 
"r030":348,"txt":"Форинт","rate":0.078271,"cc":"HUF","exchangedate":"21.02.2020"
 }
,{ 
"r030":356,"txt":"Індійська рупія","rate":0.34175,"cc":"INR","exchangedate":"21.02.2020"
 }
,{ 
"r030":360,"txt":"Рупія","rate":0.0017802,"cc":"IDR","exchangedate":"21.02.2020"
 }
,{ 
"r030":376,"txt":"Новий ізраїльський шекель","rate":7.1366,"cc":"ILS","exchangedate":"21.02.2020"
 }
,{ 
"r030":392,"txt":"Єна","rate":0.21866,"cc":"JPY","exchangedate":"21.02.2020"
 }
,{ 
"r030":398,"txt":"Теньге","rate":0.065081,"cc":"KZT","exchangedate":"21.02.2020"
 }
,{ 
"r030":410,"txt":"Вона","rate":0.020423,"cc":"KRW","exchangedate":"21.02.2020"
 }
,{ 
"r030":484,"txt":"Мексиканське песо","rate":1.3089,"cc":"MXN","exchangedate":"21.02.2020"
 }
,{ 
"r030":498,"txt":"Молдовський лей","rate":1.3838,"cc":"MDL","exchangedate":"21.02.2020"
 }
,{ 
"r030":554,"txt":"Новозеландський долар","rate":15.4993,"cc":"NZD","exchangedate":"21.02.2020"
 }
,{ 
"r030":578,"txt":"Норвезька крона","rate":2.6289,"cc":"NOK","exchangedate":"21.02.2020"
 }
,{ 
"r030":643,"txt":"Російський рубль","rate":0.38362,"cc":"RUB","exchangedate":"21.02.2020"
 }
,{ 
"r030":682,"txt":"Саудівський рiял","rate":6.5251,"cc":"SAR","exchangedate":"21.02.2020"
 }
,{ 
"r030":702,"txt":"Сінгапурський долар","rate":17.4778,"cc":"SGD","exchangedate":"21.02.2020"
 }
,{ 
"r030":710,"txt":"Ренд","rate":1.6191,"cc":"ZAR","exchangedate":"21.02.2020"
 }
,{ 
"r030":752,"txt":"Шведська крона","rate":2.4914,"cc":"SEK","exchangedate":"21.02.2020"
 }
,{ 
"r030":756,"txt":"Швейцарський франк","rate":24.8947,"cc":"CHF","exchangedate":"21.02.2020"
 }
,{ 
"r030":818,"txt":"Єгипетський фунт","rate":1.5717,"cc":"EGP","exchangedate":"21.02.2020"
 }
,{ 
"r030":826,"txt":"Фунт стерлінгів","rate":31.5114,"cc":"GBP","exchangedate":"21.02.2020"
 }
,{ 
"r030":840,"txt":"Долар США","rate":24.4777,"cc":"USD","exchangedate":"21.02.2020"
 }
,{ 
"r030":933,"txt":"Бiлоруський рубль","rate":11.1035,"cc":"BYN","exchangedate":"21.02.2020"
 }
,{ 
"r030":944,"txt":"Азербайджанський манат","rate":14.4148,"cc":"AZN","exchangedate":"21.02.2020"
 }
,{ 
"r030":946,"txt":"Румунський лей","rate":5.5082,"cc":"RON","exchangedate":"21.02.2020"
 }
,{ 
"r030":949,"txt":"Турецька ліра","rate":4.0143,"cc":"TRY","exchangedate":"21.02.2020"
 }
,{ 
"r030":960,"txt":"СПЗ (спеціальні права запозичення)","rate":33.3332,"cc":"XDR","exchangedate":"21.02.2020"
 }
,{ 
"r030":975,"txt":"Болгарський лев","rate":13.5124,"cc":"BGN","exchangedate":"21.02.2020"
 }
,{ 
"r030":978,"txt":"Євро","rate":26.4249,"cc":"EUR","exchangedate":"21.02.2020"
 }
,{ 
"r030":985,"txt":"Злотий","rate":6.1722,"cc":"PLN","exchangedate":"21.02.2020"
 }
,{ 
"r030":12,"txt":"Алжирський динар","rate":0.20865,"cc":"DZD","exchangedate":"21.02.2020"
 }
,{ 
"r030":50,"txt":"Така","rate":0.29481,"cc":"BDT","exchangedate":"21.02.2020"
 }
,{ 
"r030":51,"txt":"Вірменський драм","rate":0.052297,"cc":"AMD","exchangedate":"21.02.2020"
 }
,{ 
"r030":364,"txt":"Іранський ріал","rate":0.00059594,"cc":"IRR","exchangedate":"21.02.2020"
 }
,{ 
"r030":368,"txt":"Іракський динар","rate":0.021033,"cc":"IQD","exchangedate":"21.02.2020"
 }
,{ 
"r030":417,"txt":"Сом","rate":0.35833,"cc":"KGS","exchangedate":"21.02.2020"
 }
,{ 
"r030":422,"txt":"Ліванський фунт","rate":0.016603,"cc":"LBP","exchangedate":"21.02.2020"
 }
,{ 
"r030":434,"txt":"Лівійський динар","rate":17.8297,"cc":"LYD","exchangedate":"21.02.2020"
 }
,{ 
"r030":458,"txt":"Малайзійський ринггіт","rate":6.1079,"cc":"MYR","exchangedate":"21.02.2020"
 }
,{ 
"r030":504,"txt":"Марокканський дирхам","rate":2.6026,"cc":"MAD","exchangedate":"21.02.2020"
 }
,{ 
"r030":608,"txt":"Філіппінське песо","rate":0.49181,"cc":"PHP","exchangedate":"21.02.2020"
 }
,{ 
"r030":704,"txt":"Донг","rate":0.0010798,"cc":"VND","exchangedate":"21.02.2020"
 }
,{ 
"r030":764,"txt":"Бат","rate":0.80289,"cc":"THB","exchangedate":"21.02.2020"
 }
,{ 
"r030":784,"txt":"Дирхам ОАЕ","rate":6.8144,"cc":"AED","exchangedate":"21.02.2020"
 }
,{ 
"r030":788,"txt":"Туніський динар","rate":8.8804,"cc":"TND","exchangedate":"21.02.2020"
 }
,{ 
"r030":860,"txt":"Узбецький сум","rate":0.0026172,"cc":"UZS","exchangedate":"21.02.2020"
 }
,{ 
"r030":901,"txt":"Новий тайванський долар","rate":0.82769,"cc":"TWD","exchangedate":"21.02.2020"
 }
,{ 
"r030":934,"txt":"Туркменський новий манат","rate":7.1513,"cc":"TMT","exchangedate":"21.02.2020"
 }
,{ 
"r030":936,"txt":"Ганське седі","rate":4.5488,"cc":"GHS","exchangedate":"21.02.2020"
 }
,{ 
"r030":941,"txt":"Сербський динар","rate":0.23519,"cc":"RSD","exchangedate":"21.02.2020"
 }
,{ 
"r030":972,"txt":"Сомоні","rate":2.5824,"cc":"TJS","exchangedate":"21.02.2020"
 }
,{ 
"r030":981,"txt":"Ларі","rate":8.6712,"cc":"GEL","exchangedate":"21.02.2020"
 }
,{ 
"r030":986,"txt":"Бразильський реал","rate":5.8635,"cc":"BRL","exchangedate":"21.02.2020"
 }
,{ 
"r030":959,"txt":"Золото","rate":39598.55,"cc":"XAU","exchangedate":"21.02.2020"
 }
,{ 
"r030":961,"txt":"Срiбло","rate":449.79,"cc":"XAG","exchangedate":"21.02.2020"
 }
,{ 
"r030":962,"txt":"Платина","rate":24318.59,"cc":"XPT","exchangedate":"21.02.2020"
 }
,{ 
"r030":964,"txt":"Паладiй","rate":65737.07,"cc":"XPD","exchangedate":"21.02.2020"
 }
]
